{
        "körper": {
                "höhe"          : 34,
                "breite"        : 38,
                "dicke"         : 13
        },
        "deckel": {
                "höhe": {
                        "mitte" : 23.5,
                        "rand"  : 22.5
                },
                "breite"        : 38.5,
                "dicke"         : 13.5
        },
        "scharnier": {
                "durchmesser": 2.5
        },
        "blech": {
                "dicke": 0.9
        },
        "innenleben": {
                "höhe": {
                        "körper"        : 33.2,
                        "körper hinten" : 30
                },
                "breite"        : 35.2,
                "dicke"         : 12,
                "blech"         : 0.2,
                "schraube": {
                        "durchmesser"           : 5,
                        "breite-schlitz"        : 1 
                },
                "kamin": {
                        "höhe"          : 16.5,
                        "breite"        : 17,
                        "dicke"         : 11,
                        "rad": {
                                "dicke"         : 3.5,
                                "durchmesser"   : 11,
                                "Abstand Bolzenmitte - kannte Körper"   : 8,
                                "bolzen": {
                                        "Position"      : "Senkrecht über Feuerstein",
                                        "Kopf": {
                                                "durchmesser"   : 3.9
                                        }
                                }
                                
                        },
                        "loch": {
                                "durchmesser"   : 2
                        }
                },
                "Feuerstein": {
                        "abstand": {
                                "Kannte dünne Seite"    : 5,
                                "Kannte lange Seite"    : 3.5
                        },
                        "Stufe1": {
                                "höhe"          : 1,
                                "durchmesser"   : 5
                        },
                        "Stufe2": {
                                "höhe"          : 1,
                                "durchmesser"   : 4
                        },
                        "Stufe3": {
                                "höhe"          : 0.5,
                                "durchmesser"   : 2.5
                        }
                },
                "Scharnier": {
                        "dicke" : 3.1,
                        "länge" : 13,
                        "höhe"  : 6,
                        "bolzen": {
                                "durchmesser"   : 3 
                        }
                }
        }
}